Tektronix PA4000,,,,,,,,,,,,,,,,,,,,,,,,,,,,,,,,,,,,,,,,,,,,,,,,,,,,,,,,,,,,,,,,,,,,,,,,,,,,,,,,,,,,,,,,,,,,,,,,,,,,,,,,,,,,,,,,,,,,,,,,,,,,,,,,,,,,,,,,,,,,,,,,,,,,,,,,,,,,,,,,,,,,,,,,,,,,,,,,,,,,,,,,,,,,,,,,,,,,,,,,,,,,,,,,,,,,,,,,,,,,,,,,,,,,,,,,,,,,,,,,,,,,,,,,,,,,,,,,,,,,,,,,
Serial Number:,B010280,,,,,,,,,,,,,,,,,,,,,,,,,,,,,,,,,,,,,,,,,,,,,,,,,,,,,,,,,,,,,,,,,,,,,,,,,,,,,,,,,,,,,,,,,,,,,,,,,,,,,,,,,,,,,,,,,,,,,,,,,,,,,,,,,,,,,,,,,,,,,,,,,,,,,,,,,,,,,,,,,,,,,,,,,,,,,,,,,,,,,,,,,,,,,,,,,,,,,,,,,,,,,,,,,,,,,,,,,,,,,,,,,,,,,,,,,,,,,,,,,,,,,,,,,,,,,,,,,,,,,,,
Firmware Version,2.004.008,,,,,,,,,,,,,,,,,,,,,,,,,,,,,,,,,,,,,,,,,,,,,,,,,,,,,,,,,,,,,,,,,,,,,,,,,,,,,,,,,,,,,,,,,,,,,,,,,,,,,,,,,,,,,,,,,,,,,,,,,,,,,,,,,,,,,,,,,,,,,,,,,,,,,,,,,,,,,,,,,,,,,,,,,,,,,,,,,,,,,,,,,,,,,,,,,,,,,,,,,,,,,,,,,,,,,,,,,,,,,,,,,,,,,,,,,,,,,,,,,,,,,,,,,,,,,,,,,,,,,,,
Start Date:,2020-04-24,,,,,,,,,,,,,,,,,,,,,,,,,,,,,,,,,,,,,,,,,,,,,,,,,,,,,,,,,,,,,,,,,,,,,,,,,,,,,,,,,,,,,,,,,,,,,,,,,,,,,,,,,,,,,,,,,,,,,,,,,,,,,,,,,,,,,,,,,,,,,,,,,,,,,,,,,,,,,,,,,,,,,,,,,,,,,,,,,,,,,,,,,,,,,,,,,,,,,,,,,,,,,,,,,,,,,,,,,,,,,,,,,,,,,,,,,,,,,,,,,,,,,,,,,,,,,,,,,,,,,,,
Start Time:,13:00:53,,,,,,,,,,,,,,,,,,,,,,,,,,,,,,,,,,,,,,,,,,,,,,,,,,,,,,,,,,,,,,,,,,,,,,,,,,,,,,,,,,,,,,,,,,,,,,,,,,,,,,,,,,,,,,,,,,,,,,,,,,,,,,,,,,,,,,,,,,,,,,,,,,,,,,,,,,,,,,,,,,,,,,,,,,,,,,,,,,,,,,,,,,,,,,,,,,,,,,,,,,,,,,,,,,,,,,,,,,,,,,,,,,,,,,,,,,,,,,,,,,,,,,,,,,,,,,,,,,,,,,,
,,,,,,,,,,,,,,,,,,,,,,,,,,,,,,,,,,,,,,,,,,,,,,,,,,,,,,,,,,,,,,,,,,,,,,,,,,,,,,,,,,,,,,,,,,,,,,,,,,,,,,,,,,,,,,,,,,,,,,,,,,,,,,,,,,,,,,,,,,,,,,,,,,,,,,,,,,,,,,,,,,,,,,,,,,,,,,,,,,,,,,,,,,,,,,,,,,,,,,,,,,,,,,,,,,,,,,,,,,,,,,,,,,,,,,,,,,,,,,,,,,,,,,,,,,,,,,,,,,,,,,,,
Group,Name,# of Ch.,# of Res.,Wiring,,,,,,,,,,,,,,,,,,,,,,,,,,,,,,,,,,,,,,,,,,,,,,,,,,,,,,,,,,,,,,,,,,,,,,,,,,,,,,,,,,,,,,,,,,,,,,,,,,,,,,,,,,,,,,,,,,,,,,,,,,,,,,,,,,,,,,,,,,,,,,,,,,,,,,,,,,,,,,,,,,,,,,,,,,,,,,,,,,,,,,,,,,,,,,,,,,,,,,,,,,,,,,,,,,,,,,,,,,,,,,,,,,,,,,,,,,,,,,,,,,,,,,,,,,,,,,,,,,,,
1,GROUP A,3,219,3Ph4W,,,,,,,,,,,,,,,,,,,,,,,,,,,,,,,,,,,,,,,,,,,,,,,,,,,,,,,,,,,,,,,,,,,,,,,,,,,,,,,,,,,,,,,,,,,,,,,,,,,,,,,,,,,,,,,,,,,,,,,,,,,,,,,,,,,,,,,,,,,,,,,,,,,,,,,,,,,,,,,,,,,,,,,,,,,,,,,,,,,,,,,,,,,,,,,,,,,,,,,,,,,,,,,,,,,,,,,,,,,,,,,,,,,,,,,,,,,,,,,,,,,,,,,,,,,,,,,,,,,,
2,GROUP B,1,43,1Ph2W,,,,,,,,,,,,,,,,,,,,,,,,,,,,,,,,,,,,,,,,,,,,,,,,,,,,,,,,,,,,,,,,,,,,,,,,,,,,,,,,,,,,,,,,,,,,,,,,,,,,,,,,,,,,,,,,,,,,,,,,,,,,,,,,,,,,,,,,,,,,,,,,,,,,,,,,,,,,,,,,,,,,,,,,,,,,,,,,,,,,,,,,,,,,,,,,,,,,,,,,,,,,,,,,,,,,,,,,,,,,,,,,,,,,,,,,,,,,,,,,,,,,,,,,,,,,,,,,,,,,
,,,,,,,,,,,,,,,,,,,,,,,,,,,,,,,,,,,,,,,,,,,,,,,,,,,,,,,,,,,,,,,,,,,,,,,,,,,,,,,,,,,,,,,,,,,,,,,,,,,,,,,,,,,,,,,,,,,,,,,,,,,,,,,,,,,,,,,,,,,,,,,,,,,,,,,,,,,,,,,,,,,,,,,,,,,,,,,,,,,,,,,,,,,,,,,,,,,,,,,,,,,,,,,,,,,,,,,,,,,,,,,,,,,,,,,,,,,,,,,,,,,,,,,,,,,,,,,,,,,,,,,,
# Math Res,1,,,,,,,,,,,,,,,,,,,,,,,,,,,,,,,,,,,,,,,,,,,,,,,,,,,,,,,,,,,,,,,,,,,,,,,,,,,,,,,,,,,,,,,,,,,,,,,,,,,,,,,,,,,,,,,,,,,,,,,,,,,,,,,,,,,,,,,,,,,,,,,,,,,,,,,,,,,,,,,,,,,,,,,,,,,,,,,,,,,,,,,,,,,,,,,,,,,,,,,,,,,,,,,,,,,,,,,,,,,,,,,,,,,,,,,,,,,,,,,,,,,,,,,,,,,,,,,,,,,,,,,
,,,,,,,,,,,,,,,,,,,,,,,,,,,,,,,,,,,,,,,,,,,,,,,,,,,,,,,,,,,,,,,,,,,,,,,,,,,,,,,,,,,,,,,,,,,,,,,,,,,,,,,,,,,,,,,,,,,,,,,,,,,,,,,,,,,,,,,,,,,,,,,,,,,,,,,,,,,,,,,,,,,,,,,,,,,,,,,,,,,,,,,,,,,,,,,,,,,,,,,,,,,,,,,,,,,,,,,,,,,,,,,,,,,,,,,,,,,,,,,,,,,,,,,,,,,,,,,,,,,,,,,,
,,,,,,,,,,,,,,,,,,,,,,,,,,,,,,,,,,,,,,,,,,,,,,,,,,,,,,,,,,,,,,,,,,,,,,,,,,,,,,,,,,,,,,,,,,,,,,,,,,,,,,,,,,,,,,,,,,,,,,,,,,,,,,,,,,,,,,,,,,,,,,,,,,,,,,,,,,,,,,,,,,,,,,,,,,,,,,,,,,,,,,,,,,,,,,,,,,,,,,,,,,,,,,,,,,,,,,,,,,,,,,,,,,,,,,,,,,,,,,,,,,,,,,,,,,,,,,,,,,,,,,,,
Index,Time,Vrms(1),Arms(1),Watt(1),VA(1),VAr(1),Freq(1),PF(1),Vthd(1),Athd(1),V1m(1),V1p(1),V2m(1),V2p(1),V3m(1),V3p(1),V4m(1),V4p(1),V5m(1),V5p(1),V6m(1),V6p(1),V7m(1),V7p(1),V8m(1),V8p(1),V9m(1),V9p(1),V10m(1),V10p(1),V11m(1),V11p(1),V12m(1),V12p(1),V13m(1),V13p(1),V14m(1),V14p(1),V15m(1),V15p(1),V16m(1),V16p(1),V17m(1),V17p(1),V18m(1),V18p(1),V19m(1),V19p(1),V20m(1),V20p(1),V21m(1),V21p(1),A1m(1),A1p(1),A3m(1),A3p(1),A5m(1),A5p(1),A7m(1),A7p(1),A9m(1),A9p(1),A11m(1),A11p(1),A13m(1),A13p(1),A15m(1),A15p(1),A17m(1),A17p(1),A19m(1),A19p(1),A21m(1),A21p(1),Vrms(2),Arms(2),Watt(2),VA(2),VAr(2),Freq(2),PF(2),Vthd(2),Athd(2),V1m(2),V1p(2),V2m(2),V2p(2),V3m(2),V3p(2),V4m(2),V4p(2),V5m(2),V5p(2),V6m(2),V6p(2),V7m(2),V7p(2),V8m(2),V8p(2),V9m(2),V9p(2),V10m(2),V10p(2),V11m(2),V11p(2),V12m(2),V12p(2),V13m(2),V13p(2),V14m(2),V14p(2),V15m(2),V15p(2),V16m(2),V16p(2),V17m(2),V17p(2),V18m(2),V18p(2),V19m(2),V19p(2),V20m(2),V20p(2),V21m(2),V21p(2),A1m(2),A1p(2),A3m(2),A3p(2),A5m(2),A5p(2),A7m(2),A7p(2),A9m(2),A9p(2),A11m(2),A11p(2),A13m(2),A13p(2),A15m(2),A15p(2),A17m(2),A17p(2),A19m(2),A19p(2),A21m(2),A21p(2),Vrms(3),Arms(3),Watt(3),VA(3),VAr(3),Freq(3),PF(3),Vthd(3),Athd(3),V1m(3),V1p(3),V2m(3),V2p(3),V3m(3),V3p(3),V4m(3),V4p(3),V5m(3),V5p(3),V6m(3),V6p(3),V7m(3),V7p(3),V8m(3),V8p(3),V9m(3),V9p(3),V10m(3),V10p(3),V11m(3),V11p(3),V12m(3),V12p(3),V13m(3),V13p(3),V14m(3),V14p(3),V15m(3),V15p(3),V16m(3),V16p(3),V17m(3),V17p(3),V18m(3),V18p(3),V19m(3),V19p(3),V20m(3),V20p(3),V21m(3),V21p(3),A1m(3),A1p(3),A3m(3),A3p(3),A5m(3),A5p(3),A7m(3),A7p(3),A9m(3),A9p(3),A11m(3),A11p(3),A13m(3),A13p(3),A15m(3),A15p(3),A17m(3),A17p(3),A19m(3),A19p(3),A21m(3),A21p(3),Arms(4),A1m(4),A1p(4),A2m(4),A2p(4),A3m(4),A3p(4),A4m(4),A4p(4),A5m(4),A5p(4),A6m(4),A6p(4),A7m(4),A7p(4),A8m(4),A8p(4),A9m(4),A9p(4),A10m(4),A10p(4),A11m(4),A11p(4),A12m(4),A12p(4),A13m(4),A13p(4),A14m(4),A14p(4),A15m(4),A15p(4),A16m(4),A16p(4),A17m(4),A17p(4),A18m(4),A18p(4),A19m(4),A19p(4),A20m(4),A20p(4),A21m(4),A21p(4),CH1VRMS(V)
1,13:00:56,+1.2016e+02,+4.9651e-01,+5.9660e+01,+5.9660e+01,+0.0000e+00,+6.0021e+01,+1.0000e+00,+1.6173e+00,+1.6679e+00,+1.2012e+02,+0.0000e+00,+3.5591e-02,-1.49E+02,+1.7737e-01,+1.3352e+02,+5.2768e-03,+4.3892e+01,+1.7875e+00,-1.42E+02,+4.9792e-02,-9.29E+00,+7.3758e-01,-1.12E+02,+2.0265e-02,+2.4779e+01,+7.6180e-02,+1.7366e+02,+1.9318e-02,+1.5596e+02,+5.8202e-01,+1.1257e+02,+3.2588e-02,+1.7052e+02,+4.7122e-01,+1.3994e+02,+1.6189e-02,+5.5152e+01,+3.5671e-02,+1.4258e+02,+4.1215e-02,+1.9887e+01,+2.4937e-01,+1.6150e+01,+3.0553e-02,+2.6573e+01,+2.3484e-01,+1.7137e+01,+2.1429e-02,-9.59E+01,+2.1187e-02,-1.04E+02,+4.9635e-01,+3.1622e-01,+2.1583e-03,-9.96E+01,+7.4004e-03,-1.42E+02,+3.0092e-03,-1.12E+02,+3.4995e-04,+1.7234e+02,+2.3989e-03,+1.1300e+02,+1.9368e-03,+1.3995e+02,+1.4900e-04,+1.3607e+02,+1.0367e-03,+1.6533e+01,+9.7703e-04,+1.6712e+01,+9.6306e-05,-9.31E+01,+1.2016e+02,+4.9812e-01,+5.9847e+01,+5.9854e+01,+8.9158e-01,+6.0021e+01,+9.9989e-01,+1.6436e+00,+1.6969e+00,+1.2012e+02,-1.20E+02,+2.1475e-02,-1.80E+01,+2.0593e-01,+1.4106e+02,+3.9306e-02,+6.2323e+01,+1.8890e+00,-1.02E+01,+4.0125e-02,-1.70E+02,+5.3265e-01,+1.2548e+02,+1.0749e-02,-1.30E+02,+2.3859e-01,-1.38E+02,+2.8060e-02,-4.44E+01,+6.1567e-01,-1.35E+02,+1.2715e-02,-8.79E+01,+4.7099e-01,+2.8653e+01,+9.9428e-03,-1.86E+01,+8.5505e-02,+3.3115e-01,+3.4651e-02,-1.66E+02,+3.6858e-01,+1.6365e+02,+2.2210e-02,-6.03E+01,+1.4571e-01,-1.05E+02,+2.2188e-02,+1.7452e+02,+4.4753e-02,+2.8641e+01,+4.9795e-01,-1.19E+02,+2.2449e-03,-1.02E+02,+7.8401e-03,-9.85E+00,+2.1992e-03,+1.2423e+02,+9.9761e-04,-1.39E+02,+2.5513e-03,-1.34E+02,+1.9385e-03,+2.8353e+01,+3.5497e-04,+2.8571e+00,+1.5290e-03,+1.6389e+02,+6.1246e-04,-1.06E+02,+1.8548e-04,+2.6439e+01,+1.2058e+02,+4.8031e-01,+5.7912e+01,+5.7918e+01,+8.0510e-01,+6.0019e+01,+9.9990e-01,+1.3234e+00,+1.4134e+00,+1.2055e+02,+1.2008e+02,+3.5573e-02,+4.8457e+01,+1.3249e-01,+3.1692e+01,+4.5430e-02,-1.05E+02,+1.4378e+00,+1.0299e+02,+2.4612e-02,+1.1183e+02,+6.7587e-01,-8.74E+00,+1.4221e-02,+1.5125e+02,+7.3773e-02,-1.07E+02,+6.0087e-03,+1.7383e+02,+5.6241e-01,+3.4683e-01,+3.5006e-02,-5.21E+00,+3.5311e-01,-9.91E+01,+1.9527e-02,-1.29E+02,+4.3912e-02,+1.6583e+02,+4.1124e-03,+5.0806e+01,+2.4082e-01,-6.86E+01,+4.4467e-02,+1.6563e+02,+2.1897e-01,+1.3822e+02,+2.6441e-02,+6.2600e+01,+3.7709e-02,+8.4448e+01,+4.8018e-01,+1.2039e+02,+2.3782e-03,-7.50E+01,+5.7592e-03,+1.0342e+02,+2.6796e-03,-9.49E+00,+2.8903e-04,-1.12E+02,+2.2453e-03,+9.1733e-01,+1.4000e-03,-9.97E+01,+1.8410e-04,+1.6034e+02,+9.6569e-04,-6.85E+01,+8.7390e-04,+1.3789e+02,+1.4100e-04,+8.1752e+01,+2.0022e-02,+1.8489e-02,-6.28E+01,+4.7699e-05,-2.45E+00,+6.6286e-03,-9.19E+01,+5.3474e-05,-1.28E+01,+6.7454e-04,-2.90E+01,+3.6059e-05,+8.5039e+01,+1.4350e-03,-7.88E+01,+2.1954e-05,+8.6783e+01,+1.4907e-03,-1.44E+02,+6.0976e-05,-1.09E+02,+6.4517e-04,+1.3823e+02,+4.5632e-05,-1.03E+02,+7.7317e-04,+9.0651e+01,+1.5774e-05,-1.96E+01,+2.0321e-04,+6.6410e+01,+4.2843e-05,+6.1334e+01,+2.0665e-04,-1.24E+02,+3.9991e-05,+1.0627e+02,+3.0648e-04,+6.8029e+01,+3.6583e-05,+1.6403e+02,+2.2211e-04,+3.2978e+01,1.20E+02
2,13:00:57,+1.2015e+02,+4.9648e-01,+5.9652e+01,+5.9652e+01,+0.0000e+00,+6.0019e+01,+1.0000e+00,+1.6121e+00,+1.6601e+00,+1.2011e+02,+0.0000e+00,+3.5630e-02,-1.47E+02,+1.8252e-01,+1.3261e+02,+5.0551e-03,+4.0292e+01,+1.7813e+00,-1.42E+02,+4.5755e-02,-9.00E+00,+7.3463e-01,-1.12E+02,+2.1704e-02,+1.9122e+01,+7.7433e-02,+1.7490e+02,+2.1693e-02,+1.6026e+02,+5.8425e-01,+1.1214e+02,+3.3354e-02,+1.7013e+02,+4.7035e-01,+1.3984e+02,+1.3374e-02,+7.2459e+01,+3.4487e-02,+1.3921e+02,+4.0414e-02,+2.5122e+01,+2.4971e-01,+1.6872e+01,+3.7790e-02,+3.1700e+01,+2.3817e-01,+1.7663e+01,+1.8007e-02,-8.24E+01,+2.1000e-02,-9.58E+01,+4.9633e-01,+3.1582e-01,+2.1342e-03,-9.99E+01,+7.3683e-03,-1.42E+02,+2.9984e-03,-1.12E+02,+3.5750e-04,+1.7283e+02,+2.4102e-03,+1.1260e+02,+1.9333e-03,+1.3974e+02,+1.4761e-04,+1.3267e+02,+1.0402e-03,+1.7297e+01,+9.8812e-04,+1.7203e+01,+9.7764e-05,-8.65E+01,+1.2015e+02,+4.9808e-01,+5.9836e+01,+5.9842e+01,+8.9104e-01,+6.0019e+01,+9.9989e-01,+1.6403e+00,+1.6949e+00,+1.2011e+02,-1.20E+02,+2.3974e-02,-1.94E+01,+2.0182e-01,+1.4130e+02,+3.7886e-02,+6.3353e+01,+1.8863e+00,-1.02E+01,+3.8032e-02,-1.68E+02,+5.2835e-01,+1.2561e+02,+1.2753e-02,-1.34E+02,+2.3731e-01,-1.38E+02,+3.0820e-02,-4.21E+01,+6.1618e-01,-1.35E+02,+1.5818e-02,-9.00E+01,+4.6929e-01,+2.8547e+01,+9.8547e-03,-9.34E-04,+8.2429e-02,+3.9752e-01,+3.7971e-02,-1.65E+02,+3.6601e-01,+1.6393e+02,+1.9835e-02,-6.87E+01,+1.4867e-01,-1.06E+02,+2.1136e-02,-1.75E+02,+5.1502e-02,+2.9958e+01,+4.9791e-01,-1.19E+02,+2.2553e-03,-1.02E+02,+7.8300e-03,-9.77E+00,+2.1839e-03,+1.2431e+02,+9.9514e-04,-1.39E+02,+2.5527e-03,-1.35E+02,+1.9310e-03,+2.8258e+01,+3.4561e-04,+2.6751e+00,+1.5174e-03,+1.6426e+02,+6.2286e-04,-1.07E+02,+2.1162e-04,+2.8374e+01,+1.2058e+02,+4.8029e-01,+5.7906e+01,+5.7911e+01,+8.0526e-01,+6.0017e+01,+9.9990e-01,+1.3277e+00,+1.4177e+00,+1.2055e+02,+1.2008e+02,+3.0730e-02,+4.5507e+01,+1.3000e-01,+3.1797e+01,+4.4040e-02,-1.07E+02,+1.4440e+00,+1.0330e+02,+2.0424e-02,+1.0879e+02,+6.7567e-01,-8.69E+00,+1.4656e-02,+1.5739e+02,+6.9876e-02,-1.08E+02,+7.0627e-03,+1.5920e+02,+5.5833e-01,+4.6501e-01,+3.6795e-02,-1.17E+01,+3.5254e-01,-9.87E+01,+2.0680e-02,-1.25E+02,+3.9481e-02,+1.6201e+02,+8.8354e-03,+8.7367e+00,+2.3533e-01,-6.89E+01,+4.8568e-02,+1.7493e+02,+2.1483e-01,+1.3850e+02,+2.3908e-02,+6.5427e+01,+3.7184e-02,+9.2024e+01,+4.8018e-01,+1.2039e+02,+2.3806e-03,-7.51E+01,+5.7819e-03,+1.0369e+02,+2.6821e-03,-9.48E+00,+2.7393e-04,-1.13E+02,+2.2307e-03,+1.0039e+00,+1.3976e-03,-9.92E+01,+1.6628e-04,+1.5639e+02,+9.4247e-04,-6.90E+01,+8.5754e-04,+1.3845e+02,+1.3593e-04,+8.9457e+01,+2.0017e-02,+1.8483e-02,-6.28E+01,+4.6820e-05,-9.36E-01,+6.6251e-03,-9.19E+01,+5.0584e-05,-1.32E+01,+6.7449e-04,-2.90E+01,+3.9311e-05,+8.6896e+01,+1.4430e-03,-7.88E+01,+2.4577e-05,+8.1597e+01,+1.4873e-03,-1.44E+02,+6.1819e-05,-1.07E+02,+6.5353e-04,+1.3857e+02,+4.6583e-05,-1.06E+02,+7.6285e-04,+9.0408e+01,+1.3059e-05,-9.81E+00,+2.0656e-04,+6.5607e+01,+4.5890e-05,+5.8721e+01,+2.1001e-04,-1.27E+02,+4.1039e-05,+9.8786e+01,+2.9492e-04,+6.6736e+01,+3.5336e-05,+1.6504e+02,+2.3863e-04,+3.3754e+01,1.20E+02
3,13:00:58,+1.2015e+02,+4.9648e-01,+5.9651e+01,+5.9651e+01,+0.0000e+00,+6.0017e+01,+1.0000e+00,+1.6127e+00,+1.6602e+00,+1.2011e+02,+0.0000e+00,+3.8204e-02,-1.54E+02,+1.8218e-01,+1.3197e+02,+5.6189e-03,+6.1333e+00,+1.7819e+00,-1.42E+02,+4.6027e-02,-6.55E+00,+7.3509e-01,-1.12E+02,+2.2252e-02,+2.2493e+01,+7.7879e-02,+1.7484e+02,+2.2508e-02,+1.6659e+02,+5.8266e-01,+1.1218e+02,+3.4911e-02,+1.6849e+02,+4.7023e-01,+1.3984e+02,+1.5592e-02,+6.6443e+01,+3.4300e-02,+1.3934e+02,+3.9027e-02,+2.8386e+01,+2.4973e-01,+1.7486e+01,+3.8726e-02,+3.6022e+01,+2.4332e-01,+1.7865e+01,+2.0386e-02,-7.47E+01,+2.1494e-02,-9.40E+01,+4.9633e-01,+3.1477e-01,+2.1338e-03,-9.99E+01,+7.3695e-03,-1.41E+02,+3.0048e-03,-1.13E+02,+3.6669e-04,+1.7093e+02,+2.4025e-03,+1.1218e+02,+1.9419e-03,+1.3981e+02,+1.3896e-04,+1.2655e+02,+1.0381e-03,+1.7648e+01,+1.0167e-03,+1.7578e+01,+1.1535e-04,-8.18E+01,+1.2014e+02,+4.9807e-01,+5.9831e+01,+5.9838e+01,+9.5428e-01,+6.0017e+01,+9.9987e-01,+1.6429e+00,+1.6979e+00,+1.2010e+02,-1.20E+02,+2.7493e-02,-1.10E+01,+2.0164e-01,+1.4174e+02,+3.9798e-02,+6.5459e+01,+1.8901e+00,-1.02E+01,+3.9526e-02,-1.69E+02,+5.2585e-01,+1.2554e+02,+9.9277e-03,-1.36E+02,+2.3924e-01,-1.38E+02,+3.1615e-02,-3.78E+01,+6.1699e-01,-1.35E+02,+1.3287e-02,-1.00E+02,+4.6573e-01,+2.8210e+01,+1.0028e-02,+3.3094e+00,+8.0336e-02,+6.7289e-01,+3.9005e-02,-1.64E+02,+3.6459e-01,+1.6485e+02,+1.9039e-02,-4.89E+01,+1.5218e-01,-1.07E+02,+2.3213e-02,+1.7929e+02,+5.3808e-02,+2.8572e+01,+4.9791e-01,-1.19E+02,+2.2621e-03,-1.02E+02,+7.8471e-03,-9.75E+00,+2.1715e-03,+1.2423e+02,+1.0049e-03,-1.39E+02,+2.5564e-03,-1.35E+02,+1.9161e-03,+2.7972e+01,+3.3734e-04,+3.1824e+00,+1.5132e-03,+1.6510e+02,+6.3720e-04,-1.09E+02,+2.2124e-04,+2.6819e+01,+1.2057e+02,+4.8029e-01,+5.7905e+01,+5.7911e+01,+8.0510e-01,+6.0016e+01,+9.9990e-01,+1.3318e+00,+1.4213e+00,+1.2055e+02,+1.2008e+02,+2.9141e-02,+4.0598e+01,+1.3135e-01,+3.0917e+01,+4.1892e-02,-1.09E+02,+1.4494e+00,+1.0339e+02,+1.8589e-02,+1.0901e+02,+6.7569e-01,-8.92E+00,+1.6150e-02,+1.6170e+02,+7.0335e-02,-1.05E+02,+7.1286e-03,+1.4745e+02,+5.5662e-01,+6.3804e-01,+3.6771e-02,-1.45E+01,+3.5435e-01,-9.87E+01,+1.8860e-02,-1.28E+02,+3.8086e-02,+1.6394e+02,+1.0534e-02,+5.4802e+00,+2.3338e-01,-6.88E+01,+4.9593e-02,+1.7544e+02,+2.1492e-01,+1.3913e+02,+2.3939e-02,+6.0924e+01,+3.7716e-02,+9.3442e+01,+4.8017e-01,+1.2039e+02,+2.3720e-03,-7.51E+01,+5.8022e-03,+1.0407e+02,+2.6908e-03,-9.74E+00,+2.6689e-04,-1.13E+02,+2.2214e-03,+7.5325e-01,+1.3985e-03,-9.88E+01,+1.6458e-04,+1.5459e+02,+9.4768e-04,-6.96E+01,+8.4735e-04,+1.3884e+02,+1.4156e-04,+9.2989e+01,+2.0015e-02,+1.8486e-02,-6.28E+01,+4.5294e-05,+4.0446e-02,+6.6220e-03,-9.18E+01,+4.8459e-05,-1.35E+01,+6.7181e-04,-2.90E+01,+4.1703e-05,+8.6297e+01,+1.4376e-03,-7.90E+01,+2.6805e-05,+7.9673e+01,+1.4832e-03,-1.44E+02,+6.2758e-05,-1.08E+02,+6.5248e-04,+1.3805e+02,+4.9209e-05,-1.03E+02,+7.6286e-04,+8.9968e+01,+1.6346e-05,-4.40E+00,+2.0720e-04,+6.4606e+01,+4.5958e-05,+5.7381e+01,+2.0935e-04,-1.27E+02,+3.9669e-05,+9.8940e+01,+2.9305e-04,+6.5267e+01,+3.6881e-05,+1.6494e+02,+2.4094e-04,+3.4170e+01,1.20E+02
4,13:00:59,+1.2016e+02,+4.9651e-01,+5.9660e+01,+5.9660e+01,+0.0000e+00,+6.0015e+01,+1.0000e+00,+1.6144e+00,+1.6634e+00,+1.2013e+02,+0.0000e+00,+4.0990e-02,-1.58E+02,+1.8457e-01,+1.3336e+02,+2.6126e-03,-4.47E+00,+1.7848e+00,-1.41E+02,+4.2646e-02,-5.37E+00,+7.3329e-01,-1.12E+02,+2.6701e-02,+2.0720e+01,+8.0970e-02,+1.7266e+02,+2.7593e-02,+1.6941e+02,+5.8340e-01,+1.1140e+02,+3.5407e-02,+1.6636e+02,+4.7024e-01,+1.3974e+02,+1.5708e-02,+5.1781e+01,+3.0333e-02,+1.3588e+02,+3.7820e-02,+3.5648e+01,+2.5164e-01,+1.7680e+01,+4.1228e-02,+3.6907e+01,+2.4448e-01,+1.8505e+01,+1.6580e-02,-7.19E+01,+3.0178e-02,-8.75E+01,+4.9636e-01,+3.1570e-01,+2.1389e-03,-1.00E+02,+7.3850e-03,-1.41E+02,+2.9990e-03,-1.13E+02,+3.7254e-04,+1.7111e+02,+2.4091e-03,+1.1169e+02,+1.9392e-03,+1.3961e+02,+1.3092e-04,+1.2846e+02,+1.0506e-03,+1.8188e+01,+1.0114e-03,+1.8022e+01,+1.3756e-04,-8.24E+01,+1.2015e+02,+4.9809e-01,+5.9838e+01,+5.9846e+01,+9.5517e-01,+6.0015e+01,+9.9987e-01,+1.6469e+00,+1.7011e+00,+1.2011e+02,-1.20E+02,+2.8621e-02,-8.09E+00,+1.9510e-01,+1.4077e+02,+3.2782e-02,+5.9272e+01,+1.8962e+00,-9.89E+00,+3.7059e-02,-1.75E+02,+5.2563e-01,+1.2550e+02,+1.0328e-02,-1.39E+02,+2.4087e-01,-1.37E+02,+3.2274e-02,-4.01E+01,+6.1752e-01,-1.35E+02,+1.2782e-02,-8.92E+01,+4.6433e-01,+2.8524e+01,+9.6797e-03,+1.4439e+01,+7.5660e-02,+8.5953e-01,+3.9925e-02,-1.69E+02,+3.6518e-01,+1.6473e+02,+2.1602e-02,-5.91E+01,+1.5175e-01,-1.08E+02,+2.0725e-02,+1.7849e+02,+5.6599e-02,+3.6663e+01,+4.9793e-01,-1.19E+02,+2.2607e-03,-1.01E+02,+7.8660e-03,-9.48E+00,+2.1692e-03,+1.2415e+02,+1.0114e-03,-1.38E+02,+2.5611e-03,-1.35E+02,+1.9118e-03,+2.8268e+01,+3.1726e-04,+4.5692e+00,+1.5206e-03,+1.6494e+02,+6.3391e-04,-1.08E+02,+2.2981e-04,+3.5919e+01,+1.2059e+02,+4.8032e-01,+5.7914e+01,+5.7919e+01,+8.0510e-01,+6.0015e+01,+9.9990e-01,+1.3344e+00,+1.4213e+00,+1.2055e+02,+1.2008e+02,+3.0637e-02,+3.9151e+01,+1.3013e-01,+3.3665e+01,+3.4648e-02,-1.07E+02,+1.4515e+00,+1.0377e+02,+1.6452e-02,+1.0973e+02,+6.7944e-01,-8.68E+00,+1.8952e-02,+1.6068e+02,+6.7270e-02,-1.09E+02,+4.6919e-03,+1.1422e+02,+5.5544e-01,+3.2435e-01,+3.5373e-02,-1.52E+01,+3.5163e-01,-9.81E+01,+2.1898e-02,-1.31E+02,+3.8513e-02,+1.6563e+02,+1.6427e-02,-1.88E+01,+2.3896e-01,-6.86E+01,+4.7869e-02,+1.7382e+02,+2.1437e-01,+1.3913e+02,+1.8258e-02,+6.4295e+01,+3.4315e-02,+9.7906e+01,+4.8021e-01,+1.2039e+02,+2.3691e-03,-7.52E+01,+5.8158e-03,+1.0411e+02,+2.6911e-03,-9.66E+00,+2.5669e-04,-1.13E+02,+2.2104e-03,+9.1696e-01,+1.4055e-03,-9.86E+01,+1.5004e-04,+1.5753e+02,+9.4929e-04,-6.90E+01,+8.6028e-04,+1.4037e+02,+1.2291e-04,+9.1083e+01,+2.0021e-02,+1.8495e-02,-6.28E+01,+4.5404e-05,-1.69E+00,+6.6316e-03,-9.18E+01,+4.7656e-05,-1.76E+01,+6.7582e-04,-2.92E+01,+4.1136e-05,+9.1219e+01,+1.4405e-03,-7.93E+01,+2.7819e-05,+8.4814e+01,+1.4852e-03,-1.44E+02,+6.3552e-05,-1.09E+02,+6.6232e-04,+1.3749e+02,+4.4923e-05,-1.07E+02,+7.6390e-04,+9.0168e+01,+1.5119e-05,-2.02E-01,+2.0739e-04,+6.1827e+01,+4.6672e-05,+5.6605e+01,+2.0427e-04,-1.27E+02,+3.7008e-05,+9.8527e+01,+2.9005e-04,+6.6213e+01,+3.6352e-05,+1.6926e+02,+2.3374e-04,+3.2485e+01,1.20E+02
5,13:01:01,+1.2018e+02,+4.9654e-01,+5.9672e+01,+5.9672e+01,+0.0000e+00,+6.0015e+01,+1.0000e+00,+1.6171e+00,+1.6673e+00,+1.2014e+02,+0.0000e+00,+4.4670e-02,-1.55E+02,+1.8475e-01,+1.3417e+02,+3.4338e-03,+6.4291e+01,+1.7884e+00,-1.41E+02,+4.2796e-02,-6.45E+00,+7.3356e-01,-1.12E+02,+2.4902e-02,+2.1866e+01,+8.1034e-02,+1.6913e+02,+2.7022e-02,+1.7143e+02,+5.8390e-01,+1.1145e+02,+3.7564e-02,+1.6623e+02,+4.7046e-01,+1.3961e+02,+1.6952e-02,+5.4481e+01,+3.0810e-02,+1.3147e+02,+3.8033e-02,+4.0448e+01,+2.5258e-01,+1.8877e+01,+4.5061e-02,+3.7843e+01,+2.4326e-01,+1.7921e+01,+1.6023e-02,-7.26E+01,+2.8881e-02,-9.10E+01,+4.9639e-01,+3.1635e-01,+2.1492e-03,-1.00E+02,+7.4027e-03,-1.41E+02,+3.0030e-03,-1.13E+02,+3.7089e-04,+1.6785e+02,+2.4109e-03,+1.1168e+02,+1.9391e-03,+1.3954e+02,+1.3788e-04,+1.2453e+02,+1.0571e-03,+1.9102e+01,+1.0055e-03,+1.7655e+01,+1.3078e-04,-8.67E+01,+1.2017e+02,+4.9813e-01,+5.9851e+01,+5.9859e+01,+9.5492e-01,+6.0015e+01,+9.9987e-01,+1.6471e+00,+1.7025e+00,+1.2013e+02,-1.20E+02,+2.7914e-02,-3.80E+00,+1.8989e-01,+1.3993e+02,+2.7600e-02,+5.1784e+01,+1.8979e+00,-9.78E+00,+3.8938e-02,+1.7759e+02,+5.2326e-01,+1.2541e+02,+7.3896e-03,-1.31E+02,+2.4359e-01,-1.36E+02,+3.1273e-02,-4.36E+01,+6.1586e-01,-1.35E+02,+1.1113e-02,-7.63E+01,+4.6408e-01,+2.8859e+01,+9.4104e-03,+7.0026e-01,+7.5196e-02,+6.6721e-01,+3.8329e-02,-1.67E+02,+3.6431e-01,+1.6476e+02,+2.3495e-02,-7.12E+01,+1.4536e-01,-1.07E+02,+2.0952e-02,+1.7534e+02,+5.8947e-02,+3.7601e+01,+4.9799e-01,-1.19E+02,+2.2692e-03,-1.00E+02,+7.8861e-03,-9.25E+00,+2.1522e-03,+1.2411e+02,+1.0342e-03,-1.37E+02,+2.5387e-03,-1.35E+02,+1.9033e-03,+2.8541e+01,+3.1672e-04,+3.6619e+00,+1.5097e-03,+1.6515e+02,+5.8568e-04,-1.07E+02,+2.2654e-04,+3.7394e+01,+1.2061e+02,+4.8038e-01,+5.7934e+01,+5.7940e+01,+8.7290e-01,+6.0016e+01,+9.9989e-01,+1.3369e+00,+1.4211e+00,+1.2058e+02,+1.2008e+02,+3.7888e-02,+4.3185e+01,+1.3076e-01,+3.5279e+01,+2.8409e-02,-1.06E+02,+1.4553e+00,+1.0391e+02,+1.1639e-02,+1.2392e+02,+6.7932e-01,-8.63E+00,+1.9545e-02,+1.6344e+02,+6.8376e-02,-1.11E+02,+5.6440e-03,+9.7286e+01,+5.5178e-01,+1.3686e-01,+3.4095e-02,-1.97E+01,+3.5712e-01,-9.79E+01,+2.4000e-02,-1.32E+02,+3.7803e-02,+1.6350e+02,+1.5391e-02,-2.65E+01,+2.4445e-01,-6.98E+01,+4.5885e-02,+1.7296e+02,+2.1450e-01,+1.4184e+02,+1.4393e-02,+6.7181e+01,+3.0760e-02,+9.5589e+01,+4.8025e-01,+1.2039e+02,+2.3442e-03,-7.53E+01,+5.8156e-03,+1.0427e+02,+2.6877e-03,-9.38E+00,+2.6764e-04,-1.17E+02,+2.2003e-03,+5.2093e-01,+1.4145e-03,-9.85E+01,+1.5165e-04,+1.5872e+02,+9.7972e-04,-6.98E+01,+8.6083e-04,+1.4224e+02,+1.1384e-04,+9.3276e+01,+2.0024e-02,+1.8499e-02,-6.28E+01,+4.3608e-05,+9.1699e-01,+6.6313e-03,-9.18E+01,+4.8306e-05,-1.58E+01,+6.8505e-04,-2.94E+01,+4.4153e-05,+8.8012e+01,+1.4423e-03,-7.92E+01,+2.6461e-05,+7.8499e+01,+1.4977e-03,-1.45E+02,+6.4545e-05,-1.06E+02,+6.5924e-04,+1.3774e+02,+4.5259e-05,-1.05E+02,+7.7025e-04,+8.9910e+01,+1.6619e-05,-6.00E+00,+2.0410e-04,+6.4179e+01,+4.7237e-05,+5.4500e+01,+2.0687e-04,-1.25E+02,+3.7576e-05,+9.8425e+01,+3.0055e-04,+6.7174e+01,+3.5450e-05,+1.7195e+02,+2.2508e-04,+3.1673e+01,1.20E+02
6,13:01:02,+1.2020e+02,+4.9659e-01,+5.9689e+01,+5.9689e+01,+0.0000e+00,+6.0016e+01,+1.0000e+00,+1.6229e+00,+1.6733e+00,+1.2016e+02,+0.0000e+00,+4.7986e-02,-1.54E+02,+1.8420e-01,+1.3403e+02,+4.3604e-03,+9.3479e+01,+1.7952e+00,-1.41E+02,+4.2846e-02,-4.40E+00,+7.3613e-01,-1.13E+02,+2.9045e-02,+2.1074e+01,+8.3261e-02,+1.6793e+02,+2.7420e-02,+1.7564e+02,+5.8337e-01,+1.1162e+02,+3.7509e-02,+1.7185e+02,+4.6974e-01,+1.3890e+02,+1.5867e-02,+4.7771e+01,+2.9971e-02,+1.3363e+02,+3.9194e-02,+3.7792e+01,+2.5172e-01,+1.9347e+01,+4.7339e-02,+4.4950e+01,+2.4198e-01,+1.7201e+01,+1.5012e-02,-8.51E+01,+2.9047e-02,-8.98E+01,+4.9643e-01,+3.1651e-01,+2.1463e-03,-1.00E+02,+7.4333e-03,-1.41E+02,+3.0123e-03,-1.14E+02,+3.8289e-04,+1.6715e+02,+2.4064e-03,+1.1175e+02,+1.9354e-03,+1.3882e+02,+1.3281e-04,+1.2658e+02,+1.0510e-03,+1.9642e+01,+9.9816e-04,+1.6927e+01,+1.3341e-04,-8.70E+01,+1.2020e+02,+4.9820e-01,+5.9873e+01,+5.9881e+01,+9.5492e-01,+6.0017e+01,+9.9987e-01,+1.6565e+00,+1.7114e+00,+1.2016e+02,-1.20E+02,+3.1220e-02,+3.3128e+00,+1.8912e-01,+1.3995e+02,+2.9326e-02,+3.2798e+01,+1.9094e+00,-9.70E+00,+4.0691e-02,+1.7932e+02,+5.2565e-01,+1.2521e+02,+8.5354e-03,-1.35E+02,+2.4134e-01,-1.35E+02,+3.2357e-02,-4.29E+01,+6.1373e-01,-1.35E+02,+4.1670e-03,-6.30E+01,+4.5925e-01,+2.9211e+01,+1.2156e-02,+1.4860e+01,+7.2891e-02,-1.07E+00,+3.8604e-02,-1.62E+02,+3.6584e-01,+1.6485e+02,+2.8885e-02,-6.57E+01,+1.3351e-01,-1.04E+02,+1.7744e-02,+1.7033e+02,+5.3427e-02,+3.9062e+01,+4.9804e-01,-1.19E+02,+2.2664e-03,-1.01E+02,+7.9220e-03,-9.32E+00,+2.1680e-03,+1.2386e+02,+1.0197e-03,-1.37E+02,+2.5455e-03,-1.35E+02,+1.8918e-03,+2.8880e+01,+3.0349e-04,+2.7554e+00,+1.5227e-03,+1.6491e+02,+5.5768e-04,-1.05E+02,+2.1455e-04,+3.8965e+01,+1.2063e+02,+4.8042e-01,+5.7949e+01,+5.7956e+01,+8.7235e-01,+6.0017e+01,+9.9989e-01,+1.3415e+00,+1.4252e+00,+1.2060e+02,+1.2008e+02,+3.3013e-02,+4.0472e+01,+1.3120e-01,+3.5930e+01,+3.1128e-02,-1.18E+02,+1.4602e+00,+1.0385e+02,+1.0970e-02,+1.1650e+02,+6.8255e-01,-9.03E+00,+2.1210e-02,+1.6104e+02,+6.8549e-02,-1.11E+02,+7.7076e-03,+1.0337e+02,+5.4918e-01,+1.3229e-02,+3.6259e-02,-2.44E+01,+3.5645e-01,-9.79E+01,+2.3721e-02,-1.34E+02,+3.6067e-02,+1.5795e+02,+1.6271e-02,-1.63E+01,+2.4718e-01,-6.96E+01,+4.9362e-02,+1.7127e+02,+2.1301e-01,+1.4219e+02,+1.5861e-02,+5.6504e+01,+3.0827e-02,+8.7144e+01,+4.8029e-01,+1.2039e+02,+2.3410e-03,-7.54E+01,+5.8347e-03,+1.0422e+02,+2.7016e-03,-9.73E+00,+2.7025e-04,-1.17E+02,+2.1887e-03,+4.0007e-01,+1.4115e-03,-9.85E+01,+1.4679e-04,+1.5330e+02,+9.8815e-04,-6.94E+01,+8.5045e-04,+1.4270e+02,+1.1330e-04,+8.3404e+01,+2.0026e-02,+1.8503e-02,-6.28E+01,+4.4158e-05,+2.7462e+00,+6.6412e-03,-9.18E+01,+4.7698e-05,-1.55E+01,+6.8629e-04,-2.92E+01,+4.4157e-05,+8.7938e+01,+1.4450e-03,-7.93E+01,+2.7426e-05,+7.4352e+01,+1.5021e-03,-1.44E+02,+6.1524e-05,-1.08E+02,+6.6152e-04,+1.3787e+02,+4.7012e-05,-1.04E+02,+7.7283e-04,+9.0416e+01,+2.1600e-05,-1.06E+01,+2.0846e-04,+6.2843e+01,+4.8023e-05,+4.6147e+01,+2.0549e-04,-1.24E+02,+3.5832e-05,+1.0274e+02,+2.9326e-04,+6.7000e+01,+4.1359e-05,+1.7364e+02,+2.2255e-04,+3.0376e+01,1.20E+02
7,13:01:03,+1.2021e+02,+4.9663e-01,+5.9702e+01,+5.9702e+01,+0.0000e+00,+6.0018e+01,+1.0000e+00,+1.6261e+00,+1.6762e+00,+1.2017e+02,+0.0000e+00,+4.6923e-02,-1.47E+02,+1.8703e-01,+1.3523e+02,+6.1248e-03,+1.2270e+02,+1.8003e+00,-1.41E+02,+4.3937e-02,-7.76E+00,+7.3373e-01,-1.12E+02,+2.4700e-02,+1.8221e+01,+8.9467e-02,+1.6982e+02,+2.9565e-02,+1.7776e+02,+5.8400e-01,+1.1134e+02,+3.3783e-02,+1.6654e+02,+4.6923e-01,+1.3877e+02,+1.5850e-02,+6.8341e+01,+3.1675e-02,+1.3518e+02,+4.0070e-02,+3.8026e+01,+2.5497e-01,+1.9243e+01,+4.7405e-02,+4.4423e+01,+2.3443e-01,+1.7476e+01,+1.6708e-02,-9.03E+01,+2.9772e-02,-8.78E+01,+4.9646e-01,+3.1754e-01,+2.1596e-03,-1.00E+02,+7.4620e-03,-1.41E+02,+3.0017e-03,-1.14E+02,+4.2118e-04,+1.6709e+02,+2.4054e-03,+1.1161e+02,+1.9142e-03,+1.3872e+02,+1.2029e-04,+1.2474e+02,+1.0565e-03,+2.0145e+01,+9.6923e-04,+1.7740e+01,+1.5256e-04,-8.44E+01,+1.2020e+02,+4.9821e-01,+5.9879e+01,+5.9886e+01,+8.9158e-01,+6.0018e+01,+9.9989e-01,+1.6576e+00,+1.7128e+00,+1.2016e+02,-1.20E+02,+2.7805e-02,+7.0462e+00,+1.8793e-01,+1.3984e+02,+3.1549e-02,+3.3433e+01,+1.9105e+00,-9.68E+00,+3.7553e-02,+1.7767e+02,+5.2768e-01,+1.2545e+02,+8.2423e-03,-1.19E+02,+2.4175e-01,-1.34E+02,+3.5769e-02,-4.25E+01,+6.1598e-01,-1.35E+02,+4.8570e-03,-1.30E+02,+4.6001e-01,+2.9593e+01,+1.2185e-02,+2.7929e+01,+7.1402e-02,+5.6543e-01,+4.2293e-02,-1.56E+02,+3.6423e-01,+1.6439e+02,+3.0011e-02,-6.41E+01,+1.3315e-01,-1.01E+02,+1.8609e-02,-1.77E+02,+4.7343e-02,+4.7086e+01,+4.9804e-01,-1.19E+02,+2.2705e-03,-1.00E+02,+7.9263e-03,-9.32E+00,+2.1775e-03,+1.2418e+02,+1.0185e-03,-1.36E+02,+2.5530e-03,-1.35E+02,+1.8951e-03,+2.9277e+01,+2.9934e-04,+4.5977e+00,+1.5163e-03,+1.6460e+02,+5.5942e-04,-1.02E+02,+1.8574e-04,+4.6908e+01,+1.2065e+02,+4.8045e-01,+5.7958e+01,+5.7964e+01,+8.7276e-01,+6.0018e+01,+9.9989e-01,+1.3477e+00,+1.4323e+00,+1.2061e+02,+1.2009e+02,+3.2884e-02,+3.9590e+01,+1.3002e-01,+3.4293e+01,+2.8991e-02,-1.18E+02,+1.4673e+00,+1.0387e+02,+1.7705e-02,+1.1405e+02,+6.8564e-01,-9.53E+00,+2.2886e-02,+1.6023e+02,+6.9519e-02,-1.05E+02,+1.1163e-02,+1.0736e+02,+5.4720e-01,+3.4992e-01,+4.1329e-02,-2.28E+01,+3.6428e-01,-9.84E+01,+2.1322e-02,-1.16E+02,+3.5371e-02,+1.5589e+02,+1.9338e-02,-6.67E+00,+2.4826e-01,-7.04E+01,+5.3325e-02,-1.78E+02,+2.1384e-01,+1.4322e+02,+1.4762e-02,+7.2467e+01,+3.9336e-02,+7.7528e+01,+4.8032e-01,+1.2039e+02,+2.3509e-03,-7.54E+01,+5.8500e-03,+1.0436e+02,+2.7186e-03,-9.94E+00,+2.7252e-04,-1.12E+02,+2.1851e-03,+7.1237e-01,+1.4349e-03,-9.91E+01,+1.4784e-04,+1.5039e+02,+9.9932e-04,-6.99E+01,+8.5223e-04,+1.4420e+02,+1.5366e-04,+6.8403e+01,+2.0036e-02,+1.8512e-02,-6.28E+01,+4.3909e-05,+2.9283e+00,+6.6415e-03,-9.19E+01,+4.6514e-05,-1.17E+01,+6.8292e-04,-2.95E+01,+4.2956e-05,+8.7427e+01,+1.4403e-03,-7.94E+01,+2.5768e-05,+7.2245e+01,+1.5058e-03,-1.45E+02,+6.1608e-05,-1.09E+02,+6.6248e-04,+1.3852e+02,+4.6681e-05,-1.07E+02,+7.6945e-04,+9.0215e+01,+2.0947e-05,-7.68E+00,+2.1592e-04,+6.4234e+01,+4.9266e-05,+4.7709e+01,+2.0541e-04,-1.26E+02,+3.4929e-05,+9.8844e+01,+2.8542e-04,+6.6081e+01,+3.9006e-05,+1.7308e+02,+2.2982e-04,+3.0007e+01,1.20E+02
8,13:01:04,+1.2022e+02,+4.9665e-01,+5.9709e+01,+5.9709e+01,+0.0000e+00,+6.0018e+01,+1.0000e+00,+1.6242e+00,+1.6743e+00,+1.2018e+02,+0.0000e+00,+4.4505e-02,-1.54E+02,+1.8286e-01,+1.3426e+02,+1.8540e-03,-1.78E+02,+1.7980e+00,-1.41E+02,+5.0167e-02,-1.38E+01,+7.3446e-01,-1.12E+02,+2.9278e-02,+2.1882e+01,+8.9477e-02,+1.6873e+02,+3.0083e-02,+1.7966e+02,+5.8186e-01,+1.1142e+02,+3.6888e-02,+1.7776e+02,+4.6406e-01,+1.3867e+02,+1.0811e-02,+7.3081e+01,+2.8263e-02,+1.3929e+02,+4.1268e-02,+4.6079e+01,+2.4857e-01,+2.0267e+01,+5.8499e-02,+5.1834e+01,+2.3169e-01,+1.7792e+01,+1.0554e-02,-6.26E+01,+3.4008e-02,-8.53E+01,+4.9647e-01,+3.1718e-01,+2.1530e-03,-1.00E+02,+7.4435e-03,-1.41E+02,+2.9967e-03,-1.13E+02,+4.1367e-04,+1.6842e+02,+2.3958e-03,+1.1172e+02,+1.9062e-03,+1.3871e+02,+1.1930e-04,+1.3172e+02,+1.0300e-03,+2.0649e+01,+9.5930e-04,+1.7842e+01,+1.5100e-04,-8.32E+01,+1.2021e+02,+4.9822e-01,+5.9885e+01,+5.9891e+01,+8.2369e-01,+6.0018e+01,+9.9991e-01,+1.6584e+00,+1.7149e+00,+1.2016e+02,-1.20E+02,+3.3888e-02,+4.0436e+00,+1.9045e-01,+1.4086e+02,+3.4657e-02,+3.9280e+01,+1.9113e+00,-9.61E+00,+4.3166e-02,+1.7871e+02,+5.2698e-01,+1.2574e+02,+1.0998e-02,-1.06E+02,+2.4081e-01,-1.35E+02,+3.6858e-02,-4.23E+01,+6.1391e-01,-1.35E+02,+1.7777e-03,-1.41E+02,+4.5655e-01,+2.9585e+01,+8.0181e-03,+3.3015e+01,+7.3918e-02,-2.34E-01,+4.1574e-02,-1.58E+02,+3.6214e-01,+1.6452e+02,+3.3165e-02,-7.04E+01,+1.2909e-01,-1.01E+02,+1.7817e-02,+1.7564e+02,+4.2695e-02,+4.9385e+01,+4.9805e-01,-1.19E+02,+2.2811e-03,-1.01E+02,+7.9342e-03,-9.28E+00,+2.1747e-03,+1.2446e+02,+1.0098e-03,-1.36E+02,+2.5426e-03,-1.35E+02,+1.8802e-03,+2.9258e+01,+3.0905e-04,+2.8911e+00,+1.5033e-03,+1.6475e+02,+5.4421e-04,-1.03E+02,+1.6353e-04,+4.8702e+01,+1.2066e+02,+4.8048e-01,+5.7969e+01,+5.7975e+01,+8.0526e-01,+6.0019e+01,+9.9990e-01,+1.3448e+00,+1.4317e+00,+1.2062e+02,+1.2009e+02,+2.7117e-02,+4.4823e+01,+1.3189e-01,+3.2883e+01,+3.8037e-02,-1.14E+02,+1.4630e+00,+1.0414e+02,+2.1335e-02,+1.1380e+02,+6.8625e-01,-9.39E+00,+2.3895e-02,+1.6331e+02,+7.1589e-02,-1.07E+02,+1.2998e-02,+1.1303e+02,+5.4387e-01,+4.4333e-01,+4.0625e-02,-1.99E+01,+3.6527e-01,-9.89E+01,+1.6424e-02,-1.08E+02,+3.8194e-02,+1.4354e+02,+1.9113e-02,-1.44E+01,+2.4483e-01,-6.97E+01,+5.0491e-02,-1.77E+02,+2.0949e-01,+1.4431e+02,+1.0862e-02,+6.3393e+01,+4.8813e-02,+6.2989e+01,+4.8034e-01,+1.2039e+02,+2.3690e-03,-7.51E+01,+5.8488e-03,+1.0453e+02,+2.7259e-03,-1.00E+01,+2.8106e-04,-1.12E+02,+2.1651e-03,+9.7001e-01,+1.4458e-03,-9.95E+01,+1.5498e-04,+1.3895e+02,+9.8116e-04,-6.96E+01,+8.3189e-04,+1.4481e+02,+1.8766e-04,+5.8869e+01,+2.0039e-02,+1.8508e-02,-6.28E+01,+4.4519e-05,+2.2201e+00,+6.6495e-03,-9.18E+01,+4.5323e-05,-9.04E+00,+6.8001e-04,-2.86E+01,+4.2426e-05,+8.7789e+01,+1.4609e-03,-7.95E+01,+2.5359e-05,+6.8978e+01,+1.4969e-03,-1.44E+02,+6.0489e-05,-1.07E+02,+6.7561e-04,+1.3933e+02,+4.9043e-05,-1.05E+02,+7.4680e-04,+9.0832e+01,+1.9820e-05,-1.61E+01,+2.3182e-04,+6.2606e+01,+4.7889e-05,+5.0747e+01,+2.0539e-04,-1.33E+02,+3.4102e-05,+1.0011e+02,+2.6634e-04,+6.3291e+01,+3.8244e-05,+1.6672e+02,+2.6823e-04,+3.0899e+01,1.20E+02
9,13:01:05,+1.2023e+02,+4.9666e-01,+5.9713e+01,+5.9713e+01,+0.0000e+00,+6.0019e+01,+1.0000e+00,+1.6221e+00,+1.6721e+00,+1.2019e+02,+0.0000e+00,+4.3497e-02,-1.50E+02,+1.8344e-01,+1.3435e+02,+5.0428e-03,+8.9030e+01,+1.7943e+00,-1.41E+02,+5.1445e-02,-1.49E+01,+7.3704e-01,-1.13E+02,+2.9609e-02,+2.4628e+01,+8.5273e-02,+1.6899e+02,+2.8408e-02,-1.75E+02,+5.8091e-01,+1.1174e+02,+3.5341e-02,+1.7505e+02,+4.6369e-01,+1.3876e+02,+9.2259e-03,+7.9136e+01,+3.0934e-02,+1.4228e+02,+4.1195e-02,+5.0720e+01,+2.5179e-01,+1.9997e+01,+5.3670e-02,+5.0314e+01,+2.2954e-01,+1.7335e+01,+9.3043e-03,-5.78E+01,+3.2378e-02,-8.27E+01,+4.9649e-01,+3.1674e-01,+2.1539e-03,-1.00E+02,+7.4274e-03,-1.41E+02,+3.0064e-03,-1.13E+02,+3.9853e-04,+1.6881e+02,+2.3930e-03,+1.1203e+02,+1.9020e-03,+1.3876e+02,+1.2864e-04,+1.3573e+02,+1.0468e-03,+2.0394e+01,+9.4942e-04,+1.7248e+01,+1.4778e-04,-8.07E+01,+1.2021e+02,+4.9824e-01,+5.9890e+01,+5.9895e+01,+8.2443e-01,+6.0020e+01,+9.9991e-01,+1.6587e+00,+1.7146e+00,+1.2017e+02,-1.20E+02,+3.6112e-02,+9.5837e+00,+1.9301e-01,+1.4136e+02,+3.5692e-02,+4.1226e+01,+1.9104e+00,-9.65E+00,+4.5599e-02,-1.80E+02,+5.3059e-01,+1.2560e+02,+1.3067e-02,-1.01E+02,+2.3868e-01,-1.35E+02,+3.6037e-02,-3.91E+01,+6.1193e-01,-1.35E+02,+3.2437e-03,-1.33E+02,+4.5743e-01,+2.9613e+01,+7.3999e-03,+2.5064e+01,+7.7759e-02,-1.51E+00,+4.0369e-02,-1.53E+02,+3.6815e-01,+1.6416e+02,+3.2013e-02,-6.45E+01,+1.2786e-01,-1.01E+02,+1.9958e-02,+1.7587e+02,+3.9732e-02,+5.1583e+01,+4.9808e-01,-1.19E+02,+2.2809e-03,-1.02E+02,+7.9239e-03,-9.34E+00,+2.1961e-03,+1.2473e+02,+1.0010e-03,-1.37E+02,+2.5467e-03,-1.34E+02,+1.8921e-03,+2.9321e+01,+3.3532e-04,-2.22E-01,+1.5301e-03,+1.6408e+02,+5.3454e-04,-1.01E+02,+1.6034e-04,+5.3518e+01,+1.2067e+02,+4.8049e-01,+5.7974e+01,+5.7979e+01,+8.0586e-01,+6.0021e+01,+9.9990e-01,+1.3436e+00,+1.4321e+00,+1.2063e+02,+1.2009e+02,+1.4482e-02,+4.4825e+01,+1.2978e-01,+3.1343e+01,+4.3314e-02,-1.16E+02,+1.4617e+00,+1.0410e+02,+2.5509e-02,+1.1012e+02,+6.8621e-01,-9.06E+00,+3.0458e-02,+1.6373e+02,+7.3421e-02,-1.08E+02,+1.0872e-02,+1.2284e+02,+5.4652e-01,+4.3242e-01,+4.0100e-02,-1.99E+01,+3.6155e-01,-9.89E+01,+1.0454e-02,-9.57E+01,+4.5750e-02,+1.4636e+02,+1.9868e-02,-2.27E+01,+2.4890e-01,-6.94E+01,+4.7636e-02,-1.79E+02,+2.0974e-01,+1.4270e+02,+1.3498e-02,+4.7571e+01,+5.3851e-02,+6.3708e+01,+4.8036e-01,+1.2040e+02,+2.3880e-03,-7.51E+01,+5.8427e-03,+1.0446e+02,+2.7273e-03,-9.77E+00,+2.9038e-04,-1.13E+02,+2.1786e-03,+8.9847e-01,+1.4299e-03,-9.95E+01,+1.8753e-04,+1.4407e+02,+9.9863e-04,-6.91E+01,+8.3307e-04,+1.4290e+02,+2.0800e-04,+5.9794e+01,+2.0044e-02,+1.8511e-02,-6.29E+01,+4.5177e-05,+1.1346e-01,+6.6536e-03,-9.18E+01,+4.4036e-05,-6.09E+00,+6.7582e-04,-2.83E+01,+4.4793e-05,+8.7880e+01,+1.4530e-03,-7.95E+01,+2.7114e-05,+6.5915e+01,+1.4925e-03,-1.44E+02,+5.9899e-05,-1.03E+02,+6.6366e-04,+1.3867e+02,+5.1433e-05,-1.05E+02,+7.4668e-04,+9.0648e+01,+1.9652e-05,-1.99E+01,+2.2533e-04,+6.3738e+01,+4.7305e-05,+5.2407e+01,+2.1188e-04,-1.31E+02,+3.2187e-05,+1.0010e+02,+2.8208e-04,+6.1502e+01,+3.8666e-05,+1.6751e+02,+2.6719e-04,+3.4213e+01,1.20E+02
10,13:01:06,+1.2024e+02,+4.9668e-01,+5.9721e+01,+5.9721e+01,+0.0000e+00,+6.0021e+01,+1.0000e+00,+1.6240e+00,+1.6731e+00,+1.2020e+02,+0.0000e+00,+4.3674e-02,-1.67E+02,+1.8278e-01,+1.3260e+02,+2.5669e-03,+1.3220e+01,+1.7954e+00,-1.41E+02,+6.0586e-02,-1.61E+01,+7.4046e-01,-1.12E+02,+3.7649e-02,+2.8615e+01,+8.1874e-02,+1.7013e+02,+2.8291e-02,-1.80E+02,+5.8108e-01,+1.1140e+02,+3.4734e-02,-1.70E+02,+4.6036e-01,+1.3919e+02,+3.3689e-03,+2.6599e+01,+2.8103e-02,+1.4605e+02,+4.4246e-02,+5.0101e+01,+2.4827e-01,+1.8928e+01,+5.2479e-02,+5.8186e+01,+2.2598e-01,+1.7059e+01,+1.0083e-02,-8.84E+01,+3.5787e-02,-8.31E+01,+4.9654e-01,+3.1598e-01,+2.1451e-03,-9.97E+01,+7.4388e-03,-1.41E+02,+3.0306e-03,-1.13E+02,+3.6717e-04,+1.6838e+02,+2.3738e-03,+1.1186e+02,+1.8980e-03,+1.3941e+02,+1.1459e-04,+1.3767e+02,+1.0259e-03,+1.9346e+01,+9.3517e-04,+1.7939e+01,+1.7095e-04,-7.89E+01,+1.2023e+02,+4.9826e-01,+5.9899e+01,+5.9904e+01,+7.5000e-01,+6.0021e+01,+9.9992e-01,+1.6654e+00,+1.7199e+00,+1.2018e+02,-1.20E+02,+4.4701e-02,+8.5369e+00,+1.9729e-01,+1.4205e+02,+4.5487e-02,+5.1639e+01,+1.9173e+00,-9.94E+00,+5.3657e-02,-1.76E+02,+5.3327e-01,+1.2602e+02,+1.3762e-02,-9.43E+01,+2.4153e-01,-1.36E+02,+3.8791e-02,-3.61E+01,+6.1372e-01,-1.35E+02,+5.5313e-03,+1.4674e+02,+4.6349e-01,+2.9499e+01,+7.4241e-03,+7.9196e+01,+8.5836e-02,-2.08E+00,+4.1658e-02,-1.55E+02,+3.6864e-01,+1.6377e+02,+3.4172e-02,-7.12E+01,+1.3383e-01,-9.95E+01,+1.7686e-02,+1.7754e+02,+3.5430e-02,+6.3880e+01,+4.9808e-01,-1.19E+02,+2.2754e-03,-1.01E+02,+7.9539e-03,-9.60E+00,+2.1986e-03,+1.2500e+02,+1.0104e-03,-1.38E+02,+2.5430e-03,-1.35E+02,+1.9113e-03,+2.9520e+01,+3.5811e-04,+2.7635e-01,+1.5277e-03,+1.6399e+02,+5.5750e-04,-1.01E+02,+1.3876e-04,+6.2032e+01,+1.2067e+02,+4.8051e-01,+5.7979e+01,+5.7985e+01,+8.0556e-01,+6.0021e+01,+9.9990e-01,+1.3500e+00,+1.4392e+00,+1.2064e+02,+1.2009e+02,+9.7755e-03,+2.4969e+01,+1.2882e-01,+3.1401e+01,+4.7646e-02,-1.14E+02,+1.4692e+00,+1.0392e+02,+2.8517e-02,+1.0177e+02,+6.8873e-01,-8.88E+00,+3.0788e-02,+1.6875e+02,+7.3416e-02,-1.06E+02,+7.4777e-03,+1.2294e+02,+5.4945e-01,+3.0397e-01,+4.0449e-02,-2.12E+01,+3.6447e-01,-9.89E+01,+7.2435e-03,-8.86E+01,+4.9366e-02,+1.4604e+02,+1.6629e-02,-2.86E+01,+2.4562e-01,-6.91E+01,+4.8328e-02,+1.7961e+02,+2.0775e-01,+1.4215e+02,+1.6279e-02,+4.6754e+01,+6.1064e-02,+6.1548e+01,+4.8039e-01,+1.2040e+02,+2.3830e-03,-7.51E+01,+5.8912e-03,+1.0429e+02,+2.7422e-03,-9.39E+00,+2.8956e-04,-1.12E+02,+2.1954e-03,+9.5852e-01,+1.4454e-03,-9.96E+01,+1.9943e-04,+1.4564e+02,+9.8554e-04,-6.81E+01,+8.4304e-04,+1.4189e+02,+2.3010e-04,+5.6217e+01,+2.0049e-02,+1.8511e-02,-6.29E+01,+4.5877e-05,-1.32E+00,+6.6559e-03,-9.18E+01,+4.4624e-05,-4.14E+00,+6.7274e-04,-2.77E+01,+4.4028e-05,+9.0009e+01,+1.4538e-03,-7.95E+01,+2.6054e-05,+7.0672e+01,+1.4799e-03,-1.43E+02,+6.0023e-05,-1.04E+02,+6.6053e-04,+1.3829e+02,+5.4492e-05,-1.06E+02,+7.3768e-04,+9.0793e+01,+1.9730e-05,-1.94E+01,+2.2673e-04,+6.1039e+01,+5.0778e-05,+5.9712e+01,+2.0520e-04,-1.32E+02,+3.9656e-05,+1.0418e+02,+2.7744e-04,+6.3173e+01,+4.1603e-05,+1.7347e+02,+2.6278e-04,+3.4922e+01,1.20E+02
11,13:01:09,+1.2027e+02,+4.9675e-01,+5.9743e+01,+5.9743e+01,+0.0000e+00,+6.0024e+01,+1.0000e+00,+1.6320e+00,+1.6797e+00,+1.2023e+02,+0.0000e+00,+3.5492e-02,-1.77E+02,+1.7917e-01,+1.3090e+02,+9.6860e-03,+3.6383e+01,+1.8032e+00,-1.42E+02,+6.9108e-02,-1.63E+01,+7.4855e-01,-1.12E+02,+3.8641e-02,+2.6944e+01,+7.1179e-02,+1.6800e+02,+2.9662e-02,+1.7004e+02,+5.7991e-01,+1.1147e+02,+3.1499e-02,-1.61E+02,+4.6407e-01,+1.3974e+02,+1.1909e-02,-5.55E+01,+2.8997e-02,+1.5342e+02,+4.0553e-02,+4.4166e+01,+2.4141e-01,+1.7120e+01,+4.5925e-02,+6.0425e+01,+2.3481e-01,+1.7029e+01,+1.3129e-02,-1.28E+02,+3.3214e-02,-8.81E+01,+4.9660e-01,+3.1536e-01,+2.1375e-03,-9.92E+01,+7.4543e-03,-1.42E+02,+3.0557e-03,-1.13E+02,+3.3410e-04,+1.6697e+02,+2.3885e-03,+1.1190e+02,+1.9094e-03,+1.3959e+02,+1.1788e-04,+1.4512e+02,+1.0057e-03,+1.7669e+01,+9.6756e-04,+1.6965e+01,+1.6055e-04,-8.49E+01,+1.2025e+02,+4.9832e-01,+5.9917e+01,+5.9922e+01,+8.2414e-01,+6.0024e+01,+9.9991e-01,+1.6681e+00,+1.7228e+00,+1.2021e+02,-1.20E+02,+4.6589e-02,-6.21E+00,+2.0137e-01,+1.4391e+02,+4.2164e-02,+5.9645e+01,+1.9213e+00,-1.07E+01,+5.9424e-02,+1.7929e+02,+5.3047e-01,+1.2517e+02,+1.7455e-02,-1.04E+02,+2.3802e-01,-1.37E+02,+3.5057e-02,-3.51E+01,+6.1549e-01,-1.35E+02,+8.3139e-03,+1.1524e+02,+4.6494e-01,+2.8900e+01,+1.4753e-02,+9.2481e+01,+9.0426e-02,-1.66E+00,+3.3303e-02,-1.63E+02,+3.6589e-01,+1.6386e+02,+3.8949e-02,-6.94E+01,+1.4047e-01,-1.02E+02,+1.6491e-02,+1.6687e+02,+3.9496e-02,+6.3239e+01,+4.9816e-01,-1.19E+02,+2.2894e-03,-1.02E+02,+7.9758e-03,-1.05E+01,+2.1867e-03,+1.2399e+02,+1.0051e-03,-1.38E+02,+2.5517e-03,-1.35E+02,+1.9310e-03,+2.8751e+01,+3.7217e-04,+1.4278e+00,+1.5223e-03,+1.6392e+02,+6.0089e-04,-1.03E+02,+1.6469e-04,+5.6524e+01,+1.2069e+02,+4.8055e-01,+5.7992e+01,+5.7999e+01,+8.7360e-01,+6.0025e+01,+9.9989e-01,+1.3552e+00,+1.4439e+00,+1.2067e+02,+1.2009e+02,+9.2624e-03,+4.9484e+01,+1.3024e-01,+3.2958e+01,+5.1424e-02,-1.11E+02,+1.4806e+00,+1.0290e+02,+2.6559e-02,+1.0928e+02,+6.7938e-01,-8.29E+00,+2.7812e-02,+1.6833e+02,+7.5262e-02,-1.12E+02,+4.8592e-03,+1.5819e+02,+5.5608e-01,+3.8540e-01,+3.6333e-02,-2.41E+01,+3.6167e-01,-9.91E+01,+9.9363e-03,-1.15E+02,+5.4073e-02,+1.5651e+02,+1.0683e-02,-3.83E+01,+2.4336e-01,-6.75E+01,+4.5697e-02,+1.6270e+02,+2.2253e-01,+1.3983e+02,+1.9494e-02,+3.3032e+01,+4.8403e-02,+6.6241e+01,+4.8042e-01,+1.2040e+02,+2.3694e-03,-7.52E+01,+5.9305e-03,+1.0330e+02,+2.6977e-03,-9.06E+00,+3.0219e-04,-1.18E+02,+2.2206e-03,+8.3270e-01,+1.4392e-03,-9.93E+01,+2.1632e-04,+1.5429e+02,+9.7316e-04,-6.70E+01,+8.9199e-04,+1.3957e+02,+1.8432e-04,+6.2942e+01,+2.0045e-02,+1.8508e-02,-6.29E+01,+4.8837e-05,-1.73E+00,+6.6553e-03,-9.19E+01,+4.7342e-05,-1.87E-01,+6.6667e-04,-2.93E+01,+4.3361e-05,+8.5610e+01,+1.4315e-03,-7.95E+01,+2.4560e-05,+6.8944e+01,+1.4709e-03,-1.44E+02,+5.9060e-05,-1.04E+02,+6.4568e-04,+1.3748e+02,+5.4114e-05,-1.05E+02,+7.5050e-04,+9.0684e+01,+2.1013e-05,-3.51E+01,+2.0044e-04,+6.4791e+01,+4.7339e-05,+5.8542e+01,+2.0686e-04,-1.23E+02,+4.3587e-05,+1.0876e+02,+3.1227e-04,+6.3695e+01,+4.8166e-05,+1.6629e+02,+2.3209e-04,+3.8858e+01,1.20E+02
12,13:01:10,+1.2027e+02,+4.9676e-01,+5.9747e+01,+5.9747e+01,+0.0000e+00,+6.0026e+01,+1.0000e+00,+1.6406e+00,+1.6891e+00,+1.2023e+02,+0.0000e+00,+3.3233e-02,+1.7883e+02,+1.7497e-01,+1.3075e+02,+1.1792e-02,+3.5923e+01,+1.8177e+00,-1.42E+02,+6.5752e-02,-1.59E+01,+7.4214e-01,-1.12E+02,+3.7053e-02,+2.2763e+01,+7.5916e-02,+1.6729e+02,+2.7447e-02,+1.6814e+02,+5.7733e-01,+1.1129e+02,+2.9057e-02,-1.64E+02,+4.7095e-01,+1.3982e+02,+1.0668e-02,-5.19E+01,+2.5534e-02,+1.4766e+02,+3.6887e-02,+4.1432e+01,+2.4091e-01,+1.7059e+01,+4.3524e-02,+5.6921e+01,+2.4139e-01,+1.7373e+01,+1.7662e-02,-1.24E+02,+3.4656e-02,-9.68E+01,+4.9660e-01,+3.1515e-01,+2.1492e-03,-9.86E+01,+7.5327e-03,-1.42E+02,+3.0195e-03,-1.13E+02,+3.5892e-04,+1.6731e+02,+2.3744e-03,+1.1157e+02,+1.9361e-03,+1.3929e+02,+1.2023e-04,+1.3880e+02,+9.9046e-04,+1.6916e+01,+1.0085e-03,+1.7217e+01,+1.4556e-04,-9.65E+01,+1.2025e+02,+4.9831e-01,+5.9914e+01,+5.9920e+01,+8.9282e-01,+6.0025e+01,+9.9989e-01,+1.6785e+00,+1.7327e+00,+1.2021e+02,-1.20E+02,+4.1248e-02,-1.45E+01,+2.0558e-01,+1.4491e+02,+4.2441e-02,+6.8123e+01,+1.9356e+00,-1.11E+01,+5.2519e-02,-1.79E+02,+5.2548e-01,+1.2483e+02,+1.6747e-02,-1.24E+02,+2.3879e-01,-1.37E+02,+3.1991e-02,-3.24E+01,+6.1581e-01,-1.36E+02,+6.8381e-03,+1.6171e+02,+4.6936e-01,+2.8322e+01,+1.8602e-02,+8.2894e+01,+8.6158e-02,-8.73E-01,+2.8427e-02,-1.57E+02,+3.6290e-01,+1.6376e+02,+3.2256e-02,-7.41E+01,+1.4635e-01,-1.04E+02,+1.4351e-02,+1.6755e+02,+3.9563e-02,+5.0007e+01,+4.9815e-01,-1.19E+02,+2.2942e-03,-1.03E+02,+8.0269e-03,-1.07E+01,+2.1706e-03,+1.2365e+02,+1.0012e-03,-1.38E+02,+2.5519e-03,-1.35E+02,+1.9357e-03,+2.8137e+01,+3.6255e-04,+1.9041e+00,+1.5083e-03,+1.6377e+02,+6.0861e-04,-1.04E+02,+1.5727e-04,+4.7151e+01,+1.2069e+02,+4.8053e-01,+5.7989e+01,+5.7995e+01,+8.7332e-01,+6.0025e+01,+9.9989e-01,+1.3633e+00,+1.4503e+00,+1.2066e+02,+1.2009e+02,+1.0689e-02,+6.3746e+01,+1.3158e-01,+3.4148e+01,+5.3843e-02,-1.09E+02,+1.4929e+00,+1.0286e+02,+2.7987e-02,+1.1643e+02,+6.7539e-01,-8.73E+00,+2.4017e-02,+1.6108e+02,+7.2564e-02,-1.09E+02,+6.3248e-03,+1.7895e+02,+5.5568e-01,+3.7247e-01,+3.2899e-02,-1.69E+01,+3.6081e-01,-9.92E+01,+1.4628e-02,-8.87E+01,+4.9839e-02,+1.5914e+02,+7.2370e-03,+5.9897e+00,+2.3983e-01,-6.68E+01,+4.3255e-02,+1.6276e+02,+2.2243e-01,+1.3955e+02,+1.6689e-02,+3.5243e+01,+4.5686e-02,+6.8669e+01,+4.8041e-01,+1.2040e+02,+2.3583e-03,-7.52E+01,+5.9778e-03,+1.0322e+02,+2.6814e-03,-9.58E+00,+2.8569e-04,-1.15E+02,+2.2202e-03,+8.5680e-01,+1.4396e-03,-9.95E+01,+2.0114e-04,+1.5665e+02,+9.6026e-04,-6.64E+01,+8.9014e-04,+1.3943e+02,+1.7434e-04,+6.5898e+01,+2.0031e-02,+1.8498e-02,-6.29E+01,+5.2539e-05,-1.95E+00,+6.6557e-03,-9.20E+01,+5.0584e-05,+9.7843e-01,+6.6832e-04,-3.06E+01,+3.8926e-05,+8.1903e+01,+1.4197e-03,-7.98E+01,+2.0395e-05,+7.0935e+01,+1.4736e-03,-1.45E+02,+5.9104e-05,-1.08E+02,+6.3987e-04,+1.3717e+02,+5.1369e-05,-1.06E+02,+7.5666e-04,+8.9472e+01,+2.0577e-05,-3.37E+01,+1.9050e-04,+6.6135e+01,+4.6289e-05,+5.6824e+01,+2.1441e-04,-1.21E+02,+4.4423e-05,+1.0883e+02,+3.2264e-04,+6.3672e+01,+5.0489e-05,+1.6578e+02,+2.0548e-04,+4.1695e+01,1.20E+02
13,13:01:12,+1.2027e+02,+4.9674e-01,+5.9741e+01,+5.9741e+01,+0.0000e+00,+6.0026e+01,+1.0000e+00,+1.6427e+00,+1.6901e+00,+1.2023e+02,+0.0000e+00,+2.7233e-02,+1.7115e+02,+1.7451e-01,+1.2878e+02,+1.8722e-02,+1.4831e+01,+1.8224e+00,-1.42E+02,+6.1684e-02,-1.98E+01,+7.3757e-01,-1.13E+02,+3.4540e-02,+2.1133e+01,+7.6469e-02,+1.7157e+02,+2.2980e-02,+1.6979e+02,+5.7868e-01,+1.1134e+02,+2.6632e-02,-1.72E+02,+4.7383e-01,+1.3913e+02,+1.0251e-02,-7.23E+01,+3.0510e-02,+1.4524e+02,+2.8543e-02,+3.2968e+01,+2.4512e-01,+1.7099e+01,+4.0359e-02,+5.5096e+01,+2.4525e-01,+1.5977e+01,+1.1431e-02,-1.40E+02,+3.2737e-02,-1.10E+02,+4.9659e-01,+3.1513e-01,+2.1206e-03,-9.82E+01,+7.5374e-03,-1.41E+02,+3.0079e-03,-1.14E+02,+3.5222e-04,+1.7143e+02,+2.3849e-03,+1.1162e+02,+1.9508e-03,+1.3894e+02,+1.2516e-04,+1.3825e+02,+1.0214e-03,+1.7662e+01,+1.0136e-03,+1.5940e+01,+1.4694e-04,-1.07E+02,+1.2023e+02,+4.9828e-01,+5.9903e+01,+5.9909e+01,+8.9172e-01,+6.0026e+01,+9.9989e-01,+1.6835e+00,+1.7401e+00,+1.2020e+02,-1.20E+02,+3.7675e-02,-3.21E+01,+2.0010e-01,+1.4592e+02,+4.3491e-02,+8.2441e+01,+1.9433e+00,-1.06E+01,+4.6218e-02,+1.7213e+02,+5.2233e-01,+1.2428e+02,+1.8841e-02,-1.22E+02,+2.3767e-01,-1.39E+02,+3.1774e-02,-3.37E+01,+6.0994e-01,-1.35E+02,+9.1650e-03,-1.33E+02,+4.6741e-01,+2.7879e+01,+2.0931e-02,+8.5724e+01,+8.2622e-02,+1.6753e+00,+2.7095e-02,-1.61E+02,+3.6364e-01,+1.6546e+02,+2.9252e-02,-7.26E+01,+1.4104e-01,-1.07E+02,+9.0377e-03,+1.6816e+02,+5.0607e-02,+3.9232e+01,+4.9811e-01,-1.19E+02,+2.3228e-03,-1.02E+02,+8.0519e-03,-9.99E+00,+2.1664e-03,+1.2265e+02,+9.9563e-04,-1.40E+02,+2.5273e-03,-1.35E+02,+1.9274e-03,+2.7613e+01,+3.4688e-04,+4.5909e+00,+1.5098e-03,+1.6581e+02,+5.9269e-04,-1.07E+02,+2.0111e-04,+3.6678e+01,+1.2067e+02,+4.8049e-01,+5.7973e+01,+5.7979e+01,+8.0586e-01,+6.0026e+01,+9.9990e-01,+1.3656e+00,+1.4517e+00,+1.2064e+02,+1.2009e+02,+2.0087e-02,+6.2415e+01,+1.2613e-01,+3.5559e+01,+5.1943e-02,-1.04E+02,+1.4951e+00,+1.0401e+02,+2.5444e-02,+1.1490e+02,+6.7762e-01,-9.18E+00,+2.3449e-02,+1.5013e+02,+6.8726e-02,-1.09E+02,+6.5873e-03,+1.6303e+02,+5.5505e-01,-4.04E-05,+3.1621e-02,-3.56E+00,+3.5763e-01,-9.81E+01,+1.6845e-02,-8.26E+01,+4.3173e-02,+1.6651e+02,+9.8984e-03,-1.40E+01,+2.3934e-01,-6.77E+01,+3.7402e-02,+1.6257e+02,+2.1729e-01,+1.3891e+02,+6.4006e-03,+4.4138e+01,+3.8883e-02,+8.9051e+01,+4.8037e-01,+1.2040e+02,+2.3519e-03,-7.58E+01,+5.9826e-03,+1.0435e+02,+2.6920e-03,-1.01E+01,+2.7693e-04,-1.15E+02,+2.2163e-03,+4.8181e-01,+1.4229e-03,-9.84E+01,+1.7894e-04,+1.6429e+02,+9.5834e-04,-6.77E+01,+8.6173e-04,+1.3843e+02,+1.4797e-04,+8.8378e+01,+2.0018e-02,+1.8489e-02,-6.30E+01,+5.2337e-05,-5.90E+00,+6.6564e-03,-9.20E+01,+5.3811e-05,+1.0046e+00,+6.6525e-04,-3.09E+01,+4.1077e-05,+8.2989e+01,+1.4085e-03,-8.01E+01,+2.0408e-05,+7.2437e+01,+1.4756e-03,-1.46E+02,+5.2352e-05,-1.04E+02,+6.3722e-04,+1.3580e+02,+4.7954e-05,-1.02E+02,+7.6276e-04,+8.8413e+01,+2.4651e-05,-4.16E+01,+1.8714e-04,+6.3221e+01,+4.2862e-05,+5.0076e+01,+2.2500e-04,-1.18E+02,+3.7833e-05,+1.1144e+02,+3.2177e-04,+6.4031e+01,+4.6743e-05,+1.6508e+02,+1.9290e-04,+4.1862e+01,1.20E+02
14,13:01:14,+1.2026e+02,+4.9673e-01,+5.9738e+01,+5.9738e+01,+0.0000e+00,+6.0027e+01,+1.0000e+00,+1.6411e+00,+1.6890e+00,+1.2022e+02,+0.0000e+00,+3.1556e-02,+1.7802e+02,+1.7948e-01,+1.2872e+02,+1.7529e-02,-1.03E+01,+1.8187e+00,-1.41E+02,+5.7486e-02,-2.49E+01,+7.4042e-01,-1.15E+02,+3.4869e-02,+2.4710e+01,+7.7917e-02,+1.7095e+02,+2.2427e-02,+1.6376e+02,+5.7469e-01,+1.1117e+02,+3.0604e-02,-1.69E+02,+4.7479e-01,+1.3889e+02,+1.2231e-02,-7.53E+01,+3.0809e-02,+1.2954e+02,+3.1833e-02,+2.8165e+01,+2.5008e-01,+1.6973e+01,+4.2760e-02,+5.3513e+01,+2.3828e-01,+1.5485e+01,+8.9914e-03,-1.63E+02,+3.2962e-02,-1.04E+02,+4.9657e-01,+3.1537e-01,+2.1097e-03,-9.85E+01,+7.5254e-03,-1.41E+02,+3.0293e-03,-1.15E+02,+3.5596e-04,+1.7091e+02,+2.3736e-03,+1.1138e+02,+1.9538e-03,+1.3869e+02,+1.3037e-04,+1.2467e+02,+1.0399e-03,+1.7372e+01,+9.8536e-04,+1.5333e+01,+1.4237e-04,-1.03E+02,+1.2022e+02,+4.9825e-01,+5.9892e+01,+5.9898e+01,+8.9254e-01,+6.0027e+01,+9.9989e-01,+1.6826e+00,+1.7400e+00,+1.2018e+02,-1.20E+02,+3.6998e-02,-2.47E+01,+1.9454e-01,+1.4593e+02,+5.1982e-02,+7.7706e+01,+1.9420e+00,-9.71E+00,+4.3048e-02,+1.6962e+02,+5.2328e-01,+1.2371e+02,+2.0840e-02,-1.17E+02,+2.4310e-01,-1.39E+02,+3.1820e-02,-3.83E+01,+6.0743e-01,-1.36E+02,+8.5132e-03,-7.92E+01,+4.6554e-01,+2.8239e+01,+2.1232e-02,+8.1895e+01,+7.6939e-02,+2.0104e+00,+3.1889e-02,-1.67E+02,+3.6005e-01,+1.6546e+02,+3.3363e-02,-8.52E+01,+1.3340e-01,-1.06E+02,+4.9333e-03,+1.7225e+02,+5.2526e-02,+3.9748e+01,+4.9809e-01,-1.19E+02,+2.3337e-03,-1.02E+02,+8.0433e-03,-9.27E+00,+2.1639e-03,+1.2196e+02,+1.0187e-03,-1.40E+02,+2.5266e-03,-1.36E+02,+1.9093e-03,+2.8213e+01,+3.3348e-04,+5.5437e+00,+1.4982e-03,+1.6552e+02,+5.4340e-04,-1.06E+02,+1.9897e-04,+3.8137e+01,+1.2066e+02,+4.8047e-01,+5.7969e+01,+5.7974e+01,+8.0707e-01,+6.0028e+01,+9.9990e-01,+1.3650e+00,+1.4493e+00,+1.2063e+02,+1.2010e+02,+1.6759e-02,+4.6326e+01,+1.2589e-01,+3.6344e+01,+5.4283e-02,-1.08E+02,+1.4878e+00,+1.0496e+02,+2.6669e-02,+1.1017e+02,+6.9132e-01,-9.97E+00,+2.4236e-02,+1.4923e+02,+6.4951e-02,-1.06E+02,+6.6992e-03,+1.7381e+02,+5.5231e-01,-4.59E-01,+2.8200e-02,+4.0108e+00,+3.5939e-01,-9.71E+01,+1.3948e-02,-8.58E+01,+3.6555e-02,+1.6487e+02,+9.5819e-03,-1.72E+01,+2.3976e-01,-7.04E+01,+3.4511e-02,+1.6031e+02,+2.0612e-01,+1.3942e+02,+5.5985e-03,+4.9570e+01,+4.1846e-02,+9.3541e+01,+4.8035e-01,+1.2041e+02,+2.3439e-03,-7.59E+01,+5.9491e-03,+1.0533e+02,+2.7426e-03,-1.08E+01,+2.5217e-04,-1.12E+02,+2.2030e-03,+1.2243e-01,+1.4265e-03,-9.76E+01,+1.4777e-04,+1.6236e+02,+9.5748e-04,-7.04E+01,+8.1912e-04,+1.3894e+02,+1.6427e-04,+9.4543e+01,+2.0013e-02,+1.8482e-02,-6.30E+01,+5.2308e-05,-6.86E+00,+6.6542e-03,-9.19E+01,+5.5718e-05,+7.0607e-01,+6.6397e-04,-3.02E+01,+3.8582e-05,+8.3136e+01,+1.4275e-03,-8.03E+01,+2.1576e-05,+8.0076e+01,+1.4793e-03,-1.46E+02,+5.2308e-05,-1.05E+02,+6.5699e-04,+1.3706e+02,+4.6816e-05,-9.86E+01,+7.5925e-04,+8.7400e+01,+2.6695e-05,-3.62E+01,+2.1935e-04,+6.1780e+01,+4.0451e-05,+5.1141e+01,+2.4067e-04,-1.22E+02,+3.6816e-05,+1.1273e+02,+3.1233e-04,+5.8338e+01,+4.5607e-05,+1.6900e+02,+2.0221e-04,+4.7958e+01,1.20E+02
15,13:01:15,+1.2026e+02,+4.9673e-01,+5.9738e+01,+5.9738e+01,+0.0000e+00,+6.0028e+01,+1.0000e+00,+1.6306e+00,+1.6780e+00,+1.2022e+02,+0.0000e+00,+3.2680e-02,-1.79E+02,+1.8263e-01,+1.2844e+02,+1.6306e-02,-2.13E+01,+1.8027e+00,-1.41E+02,+5.6057e-02,-2.60E+01,+7.4539e-01,-1.15E+02,+3.3787e-02,+2.3970e+01,+7.7010e-02,+1.7245e+02,+2.4883e-02,+1.5623e+02,+5.7653e-01,+1.1120e+02,+2.9868e-02,-1.65E+02,+4.7168e-01,+1.3905e+02,+1.1508e-02,-7.19E+01,+3.4783e-02,+1.2854e+02,+3.4952e-02,+2.3660e+01,+2.5070e-01,+1.7695e+01,+4.4131e-02,+5.3803e+01,+2.3556e-01,+1.5348e+01,+9.0126e-03,-1.80E+02,+3.0993e-02,-9.93E+01,+4.9658e-01,+3.1611e-01,+2.0972e-03,-9.88E+01,+7.4601e-03,-1.40E+02,+3.0500e-03,-1.16E+02,+3.5323e-04,+1.7276e+02,+2.3803e-03,+1.1150e+02,+1.9421e-03,+1.3892e+02,+1.5202e-04,+1.2483e+02,+1.0439e-03,+1.7900e+01,+9.7374e-04,+1.4895e+01,+1.3187e-04,-9.61E+01,+1.2022e+02,+4.9825e-01,+5.9891e+01,+5.9898e+01,+8.9240e-01,+6.0028e+01,+9.9989e-01,+1.6649e+00,+1.7242e+00,+1.2018e+02,-1.20E+02,+3.6783e-02,-2.09E+01,+1.8629e-01,+1.4547e+02,+4.6431e-02,+7.3036e+01,+1.9200e+00,-9.39E+00,+4.2474e-02,+1.6643e+02,+5.2635e-01,+1.2321e+02,+1.7448e-02,-1.13E+02,+2.4113e-01,-1.38E+02,+3.3610e-02,-4.16E+01,+6.0988e-01,-1.36E+02,+6.4641e-03,-6.57E+01,+4.5985e-01,+2.9193e+01,+1.9658e-02,+8.2746e+01,+7.7221e-02,+1.2780e+00,+3.3965e-02,-1.76E+02,+3.5684e-01,+1.6535e+02,+4.0135e-02,-8.47E+01,+1.2951e-01,-1.05E+02,+7.1881e-03,-1.77E+02,+5.0150e-02,+4.8635e+01,+4.9809e-01,-1.19E+02,+2.3460e-03,-1.01E+02,+7.9650e-03,-9.04E+00,+2.1723e-03,+1.2177e+02,+1.0111e-03,-1.39E+02,+2.5303e-03,-1.35E+02,+1.8942e-03,+2.8938e+01,+3.3037e-04,+4.5038e+00,+1.4837e-03,+1.6573e+02,+5.4043e-04,-1.05E+02,+2.0103e-04,+4.5746e+01,+1.2066e+02,+4.8048e-01,+5.7970e+01,+5.7977e+01,+9.3607e-01,+6.0028e+01,+9.9987e-01,+1.3501e+00,+1.4354e+00,+1.2064e+02,+1.2010e+02,+2.1781e-02,+3.6803e+01,+1.2250e-01,+3.6564e+01,+4.5891e-02,-1.11E+02,+1.4680e+00,+1.0509e+02,+2.1876e-02,+1.1311e+02,+6.9246e-01,-1.00E+01,+2.3116e-02,+1.5581e+02,+6.4631e-02,-1.08E+02,+4.6875e-03,+1.6447e+02,+5.5126e-01,-1.40E-01,+2.6705e-02,-3.98E+00,+3.6241e-01,-9.66E+01,+1.4222e-02,-1.06E+02,+3.5652e-02,+1.6011e+02,+1.0901e-02,-4.36E+01,+2.4196e-01,-7.04E+01,+3.8768e-02,+1.5460e+02,+2.0696e-01,+1.4183e+02,+7.7865e-03,+5.0629e+01,+4.0207e-02,+9.3583e+01,+4.8036e-01,+1.2041e+02,+2.3483e-03,-7.62E+01,+5.8684e-03,+1.0550e+02,+2.7476e-03,-1.07E+01,+2.5104e-04,-1.14E+02,+2.2004e-03,+5.5827e-01,+1.4354e-03,-9.71E+01,+1.4394e-04,+1.5922e+02,+9.6149e-04,-7.03E+01,+8.2158e-04,+1.4158e+02,+1.5438e-04,+9.3966e+01,+2.0025e-02,+1.8497e-02,-6.30E+01,+5.1371e-05,-8.12E+00,+6.6524e-03,-9.19E+01,+5.5429e-05,-5.15E+00,+6.6373e-04,-2.92E+01,+4.2418e-05,+9.3261e+01,+1.4262e-03,-8.00E+01,+2.4634e-05,+8.9977e+01,+1.4805e-03,-1.45E+02,+5.2050e-05,-1.02E+02,+6.5876e-04,+1.3648e+02,+4.6111e-05,-9.49E+01,+7.6490e-04,+8.8984e+01,+2.5937e-05,-3.10E+01,+2.2023e-04,+5.8130e+01,+4.1842e-05,+5.6027e+01,+2.2591e-04,-1.20E+02,+3.6616e-05,+1.1849e+02,+3.0549e-04,+6.3637e+01,+3.9875e-05,+1.7662e+02,+1.8882e-04,+4.1385e+01,1.20E+02